{
	"name":"MiningTools",
	"author":"BinbinHfr",
	"version":"1.0.36",
	"title":"Mining Tools (+dynamites to provide new resources)",
	"description":"Tools to speed up your mining (pneumatic drills & fast mining drills), provide new resources (with dynamite or massive water injection) and even erase resources (with dynamite).",
	"homepage":"https://forums.factorio.com/viewtopic.php?f=93&t=23849",
	"contact": "https://forums.factorio.com/memberlist.php?mode=viewprofile&u=14267",
	"factorio_version":"0.16",
	"dependencies": ["? angelsinfiniteores","? angelsprocessing","? angelsrefining","? dark-matter-replicators","? Nucular","? Thorium Mod","? reactor","? Crafted Artifacts","? 5dim_ores","? bobores" ]
}
