{
    "name": "power-grid-comb",
    "version": "0.16.4",
    "title": "Power Grid Comb",
    "author": "Shane Madden",
    "homepage": "https://github.com/shanemadden/factorio-power-grid-comb",
    "factorio_version": "0.16",
    "dependencies": [
        "base >= 0.16"
    ],
    "description": "Provides a tool to remove and instantly replace electricity infrastructure in an area, cosmetically cleaning up any inconsistent power cable due to out-of-order building, while leaving circuit wiring alone."
}
