{
	"name": "Regroup",
	"version": "0.16.9",
	"title": "Regroup",
	"factorio_version": "0.16",
	"author": "Richetoku",
	"contact": "https://discord.gg/6wMh7jH",
	"homepage": "https://mods.factorio.com/mod/Regroup",
	"description": "Regroup items and recipes for most popular and useful mods. This mod attempts to work with all supported mods together at the same time. This mod has been updated by Richetoku. Original mod, ZGroupChange, by ZlovreD/Progsy.",
	"dependencies": [ "base >= 0.16.30",
					"? boblibrary >= 0.16.5",
					"? bobplates >= 0.16.3",
					"? bobores >= 0.16.2",
					"? boblogistics >= 0.16.22",
					"? bobtech >= 0.16.5",
					"? bobenemies >= 0.16.0",
					"? Dp77s-FactorioPlus-Ores >= 0.16.0",
					"? Dp77s-FactorioPlus-Plates >= 0.16.0",
					"? Dp77s-FactorioPlus-Advanced-Tech >= 0.16.0",
					"? 5dim_core >= 0.16.0",
					"? FactorioExtended-Core >= 0.3.1",
					"? angelspetrochem >= 0.7.0",
					"? angelsrefining >= 0.9.2",
					"? angelssmelting >= 0.4.0",
					"? angelsinfiniteores >= 0.7.3",
					"? angelsaddons-warehouses >= 0.3.0",
					"? angelslogistics >= 0.2.1",
					"? angelsindustries >= 0.1.0",
					"? Flow Control >= 3.0.3",
					"? aai-industry >= 0.2.2",
					"? Yuoki >= 0.6.74",
					"? z_yira_yuokirails >= 0.6.12",
					"? z_yira_UP >= 0.6.10",
					"? z_yira_american >= 0.6.8",
					"? yi_railway >= 0.6.21",
					"? yi_engines >= 0.6.27",
					"? ShinyBobGFX >= 0.16.6",
					"? ShinyAngelGFX >= 0.16.1",
					"? ShinyIcons >= 0.16.1",
					"? VersepellesAquaFarm015 >= 2.0.2",
					"? Bio_Industries >= 2.5.8",
					"? Avatars >= 0.4.8",
					"? beautiful_bridge_railway >= 0.1.1",
					"? Dectorio >= 0.8.5",
					"? DeepMine >= 0.2.0",
					"? Induction Charging >= 1.5.10",
					"? More_Floors >= 1.2.3",
					"? Natural_Evolution_Buildings >= 8.0.3",
					"? Natural_Evolution_Enemies >= 8.0.4",
					"? Natural_Evolution_Expansion >= 8.0.0",
					"? skan-fusion-robots >= 1.1.0",
					"? Suit-Plug-Continued >= 1.0.4",
					"? UltimateBelts >= 0.16.1",
					"? Single-SplitterT >= 0.0.13",
					"? SmartSplitter-016 >= 1.1.0",
					"? Factorissimo2 >= 2.2.1",
					"? WarehouseAddons >= 0.1.0",
					"? Warehousing >= 0.1.2",
					"? ElectricVehicles >= 0.4.0",
					"? vtk-deep-core-mining >= 1.11.3",
					"? miniloader >= 1.5.21",
					"? PavementDriveAssist >= 2.1.5",
					"? truck >= 0.0.63",
					"? FusionTrain >= 0.16.0",
					"? ammo-loader >= 0.4.8",
					"? Clowns-Nuclear >= 1.2.0"
					]
}
