{
	"name": "morebobs",
	"version": "0.16.49",
	"title": "More Bobs!",
	"author": "Xagros",
	"homepage": "https://mods.factorio.com/user/xagros",
	"description": "Extends additional add-ons for all of the Bob's mod",
	"factorio_version": "0.16",
	"dependencies": [
		"base >= 0.16.0",
		"? aai-industry >= 0.2.3",
		"? angelsrefining >= 0.9.10",
		"? angelssmelting >= 0.4.3",
		"? beltSorter >= 0.5.4",
		"? Bio_Industries >= 2.5.9",
		"? boblogistics >= 0.16.0",
		"? bobplates >= 0.16.0",
		"? DeadlockCrating >= 1.2.0",
		"? DeadlockStacking >= 1.5.1",
		"? Flare Stack >= 2.1.7",
		"? Flow Control >= 3.0.3",
		"? Induction Charging >= 1.5.12",
		"? KS_Power >= 0.2.0",
		"? LightedPolesPlus >= 1.1.3",
		"? RealisticOres >= 2.16.0",
		"? Robocharger >= 1.1.0",
		"? RubberBelts >= 1.0.72",
		"? ShinyBobGFX >= 0.16.19",
		"? ShinyIcons >= 0.16.12",
		"? Warehousing >= 0.1.2",
		"? Waterbomb >= 0.16.1",
		"? weaponSoundsRedone >= 1.1.0"
	]
}