{
	"name": "manual-inventory-sort",
	"version": "2.0.2",
	"factorio_version": "0.16",
	"title": "Manual Inventory Sorting",
	"description": "Makes some tweaks to the way inventory sorting works.\nYou can sort your inventory on demand or toggle auto-sort. Auto-sort can be configured to work for just a part of your inventory. \nIt's also possible to sort chests, cars and cargo wagons.",
	"author": "TheRustyKnife",
	"contact": "therustyknife13@gmail.com",
	"homepage": "https://mods.factorio.com/mod/manual-inventory-sort",
	"dependencies": ["base >= 0.16.21"]
}
