{
  "name": "LootChestPlus",
  "version": "1.0.10",
  "factorio_version": "0.16",
  "title": "Loot Chest+",
  "author": "PiggyWhiskey", 
  "contact": "",
  "homepage": "https://mods.factorio.com/mods/hanes",
  "description": "Automatically collects alien-artifacts and corpses. Useful in combination with artillery. \nPractically for mods that add loot when aliens die, like Bob's mods, Necromant and Alien Space Science", 
  "dependencies": ["base >= 0.16.0", "? bobenemies >= 0.16.0", "? necromant >= 0.16.0", "? AlienSpaceScience >= 0.0.6"]
}