{
  "name": "multi-product-recipe-details",
  "version": "0.16.4",
  "factorio_version": "0.16",
  "title": "Multi-Product Recipe Details",
  "author": "KvaNTy",
  "contact": "kvanty.troiden@gmail.com",
  "homepage": "https://forums.factorio.com/viewtopic.php?f=190&t=61303",
  "description": "Lists all product names in recipe description if there are more than one product in the recipe.",
  "dependencies": ["base >= 0.16.0",
          "? aai-industry",
          "? angelsrefining",
          "? angelssmelting",
          "? angelspetrochem",
          "? bobores",
          "? bobplates",
          "? bobelectronics",
          "? Clowns-Science",
          "? Clowns-Processing",
          "? Clowns-AngelBob-Nuclear",
          "? Clowns-Extended-Minerals",
          "? pyscience",
          "? pyhightech",
          "? PyCoalTBaA",
          "? pycoalprocessing",
          "? ScienceCostTweakerM",
          "? Yuoki",
          "? Dp77s-FactorioPlus-Plates",
          "? Dp77s-FactorioPlus-Advanced-Tech",
          "? 5dim_core",
          "? 5dim_ores",
          "? MoreScience",
          "? omnilib",
          "? omnimatter",
          "? omnimatter_fluid",
          "? omnimatter_permutation",
          "? DirtyMining"]
}
