{
  "name": "Swarm",
  "version": "1.2.0",
  "factorio_version": "0.16",
  "title": "Swarm",
  "author": "Supercheese",
  "homepage": "http://www.factorioforums.com/forum/viewtopic.php?f=93&t=20165",
  "dependencies": ["base >= 0.16.0", "? bobenemies >= 0.12.0", "? Natural_Evolution_Enemies >= 5.0.0", "? MAIN-DyTech-War >= 1.1.0", "? 5dim_battlefield >= 0.0.6", "? Vampire_Biters >= 0.0.1"],
  "description": "Beware the swarm! This mod makes larger biters, spitters, and spawners spawn multiple smaller enemies on death. Now, for instance, killing a medium biter means you have to deal with the small biters that spawn from the medium corpse."
}
