{
  "name": "Clowns-AngelBob-Nuclear",
  "version": "1.0.1",
  "factorio_version": "0.16",
  "title": "MadClown01's AngelBob Nuclear",
  "author": "MadClown01",
  "contact": "",
  "homepage": "",
  "description": "Adds a thermonuclear bomb and thorium & plutonium fuel cycles. Gives end-game Bob's enemies something to fear. Adds an optional uranium enrichment chain as a far more intricate replacement to the Koravex Enrichment Process.",
  "dependencies": [
	"base >= 0.16.0", 
	"? bobores >= 0.15.0",
	"? bobwarfare >= 0.15.0",
	"? bobelectronics >= 0.15.0",
	"? bobmodules >= 0.15.0",
	"angelsrefining >= 0.4.0",
	"Clowns-Nuclear >= 1.0.0",
	"Clowns-Processing >= 1.0.0"
	]
}