{
  "name": "necromant",
  "version": "0.16.7",
  "factorio_version": "0.16",
  "title": "Necromant",
  "author": "Sacredd",
  "contact": "",
  "homepage": "https://forums.factorio.com/viewtopic.php?f=97&t=37373",
  "description": "You want killing enemies become more usefull and get some more usefull stuff in this game? Then this mod is for you. Adds enemy drops and exploitation of their corpses. Also provides fireball (incl. towers) and poison ammo.",
  "dependencies": ["base >= 0.16.0", "? bobenemies", "? 5dim_battlefield"]
}
