{
  "name": "ShinyBob_Menus",
  "version": "0.16.7",
  "factorio_version": "0.16",
  "title": "ShinyBob_Menus",
  "author": "Qumojo/qjm123,Zombiee, Nexela, Inequalitix",
  "dependencies": [ "base >= 0.16.0",
					"boblibrary >= 0.16.0", 
					"? Warehousing >= 0.0.10",
					"? ShinyBobGFX >= 0.16.0",
					"? ShinyAngelGFX >= 0.16.0",
					"? PickerExtended >= 2.7.3",
					"? omnimatter_compression >= 1.0.2",
					"? bobassembly >= 0.16.0", 
					"? bobelectronics >= 0.16.0", 
					"? bobenemies >= 0.16.0", 
					"? boblogistics >= 0.16.0", 
					"? bobmining >= 0.16.0", 
					"? bobmodules >= 0.16.0", 
					"? bobores >= 0.16.0", 
					"? bobplates >= 0.16.0", 
					"? bobpower >= 0.16.0", 
					"? bobtech >= 0.16.0", 
					"? bobwarfare >= 0.16.0", 
					"? bobgreenhouse >= 0.16.0",				
					"? bobrevamp >= 0.16.0",
					"? NuclearRobots >= 0.0.4",
					"? omnimatter >= 1.2.5",
					"? 10xHarder >= 1.1.2",
					"? omnicrystal >= 0.1.17",
					"? upgrade-planner >= 1.2.2",
					"? aai-industry >= 0.1.11",
					"? Wind_Turbine V16 >= 4.0.3"
					
  ],
  "description": "Sort and organize the recipes in the crafting menu so that's it's cleaner. Meant for use with Bob's and ShinyBobGFX."
}
