{
  "name": "Clowns-Processing",
  "version": "1.2.8",
  "factorio_version": "0.16",
  "title": "MadClown01's Processing",
  "author": "MadClown01",
  "contact": "",
  "homepage": "https://forums.factorio.com/viewtopic.php?f=185&t=57861",
  "description": "Crafting base for other MadClown01 mods. Adds many new production chains including sand sluicing, advanced mercury, fluorine, phosphorus & uranium processing, garden generation, neurotoxin production and catalytic electrolysis / filtering. Requires all Angel's mods.",
  "dependencies": ["base >= 0.16.0", "angelsrefining >= 0.9.2", "angelspetrochem >= 0.7.5", "angelssmelting >= 0.4.3", "angelsbioprocessing >= 0.5.2", "bobplates >= 0.16.2", "? bobwarfare >= 0.16.4"]
}